-- MySQL dump 10.13  Distrib 8.0.38, for Win64 (x86_64)
--
-- Host: localhost    Database: anazarenko
-- ------------------------------------------------------
-- Server version	8.0.39

/*!40101 SET @OLD_CHARACTER_SET_CLIENT=@@CHARACTER_SET_CLIENT */;
/*!40101 SET @OLD_CHARACTER_SET_RESULTS=@@CHARACTER_SET_RESULTS */;
/*!40101 SET @OLD_COLLATION_CONNECTION=@@COLLATION_CONNECTION */;
/*!50503 SET NAMES utf8 */;
/*!40103 SET @OLD_TIME_ZONE=@@TIME_ZONE */;
/*!40103 SET TIME_ZONE='+00:00' */;
/*!40014 SET @OLD_UNIQUE_CHECKS=@@UNIQUE_CHECKS, UNIQUE_CHECKS=0 */;
/*!40014 SET @OLD_FOREIGN_KEY_CHECKS=@@FOREIGN_KEY_CHECKS, FOREIGN_KEY_CHECKS=0 */;
/*!40101 SET @OLD_SQL_MODE=@@SQL_MODE, SQL_MODE='NO_AUTO_VALUE_ON_ZERO' */;
/*!40111 SET @OLD_SQL_NOTES=@@SQL_NOTES, SQL_NOTES=0 */;

--
-- Table structure for table `comment`
--

DROP TABLE IF EXISTS `comment`;
/*!40101 SET @saved_cs_client     = @@character_set_client */;
/*!50503 SET character_set_client = utf8mb4 */;
CREATE TABLE `comment` (
  `id` int NOT NULL AUTO_INCREMENT,
  `studentid` bigint DEFAULT NULL,
  `comment` varchar(256) DEFAULT NULL,
  PRIMARY KEY (`id`),
  KEY `studentid` (`studentid`),
  CONSTRAINT `comment_ibfk_1` FOREIGN KEY (`studentid`) REFERENCES `student` (`id`)
) ENGINE=InnoDB AUTO_INCREMENT=11 DEFAULT CHARSET=utf8mb4 COLLATE=utf8mb4_0900_ai_ci;
/*!40101 SET character_set_client = @saved_cs_client */;

--
-- Dumping data for table `comment`
--

LOCK TABLES `comment` WRITE;
/*!40000 ALTER TABLE `comment` DISABLE KEYS */;
INSERT INTO `comment` VALUES (4,89790870956,'Väga hea'),(5,78695870366,'Hea'),(6,36789734456,'Rahuldav'),(7,47684587456,'Mitterahuldav'),(9,37247749865,'Osaleb ilusti tundides'),(10,35876959800,'Väga ilusti laulab');
/*!40000 ALTER TABLE `comment` ENABLE KEYS */;
UNLOCK TABLES;

--
-- Temporary view structure for view `comments`
--

DROP TABLE IF EXISTS `comments`;
/*!50001 DROP VIEW IF EXISTS `comments`*/;
SET @saved_cs_client     = @@character_set_client;
/*!50503 SET character_set_client = utf8mb4 */;
/*!50001 CREATE VIEW `comments` AS SELECT 
 1 AS `id`,
 1 AS `firstname`,
 1 AS `lastname`,
 1 AS `comment`*/;
SET character_set_client = @saved_cs_client;

--
-- Table structure for table `course`
--

DROP TABLE IF EXISTS `course`;
/*!40101 SET @saved_cs_client     = @@character_set_client */;
/*!50503 SET character_set_client = utf8mb4 */;
CREATE TABLE `course` (
  `code` varchar(8) NOT NULL,
  `description` varchar(256) DEFAULT NULL,
  PRIMARY KEY (`code`)
) ENGINE=InnoDB DEFAULT CHARSET=utf8mb4 COLLATE=utf8mb4_0900_ai_ci;
/*!40101 SET character_set_client = @saved_cs_client */;

--
-- Dumping data for table `course`
--

LOCK TABLES `course` WRITE;
/*!40000 ALTER TABLE `course` DISABLE KEYS */;
INSERT INTO `course` VALUES ('ENG','Inglise keel'),('MATH','Matemaatika');
/*!40000 ALTER TABLE `course` ENABLE KEYS */;
UNLOCK TABLES;

--
-- Table structure for table `stgroup`
--

DROP TABLE IF EXISTS `stgroup`;
/*!40101 SET @saved_cs_client     = @@character_set_client */;
/*!50503 SET character_set_client = utf8mb4 */;
CREATE TABLE `stgroup` (
  `code` varchar(8) NOT NULL,
  `description` varchar(256) DEFAULT NULL,
  PRIMARY KEY (`code`)
) ENGINE=InnoDB DEFAULT CHARSET=utf8mb4 COLLATE=utf8mb4_0900_ai_ci;
/*!40101 SET character_set_client = @saved_cs_client */;

--
-- Dumping data for table `stgroup`
--

LOCK TABLES `stgroup` WRITE;
/*!40000 ALTER TABLE `stgroup` DISABLE KEYS */;
INSERT INTO `stgroup` VALUES ('TA-23A','Tarkvaraarendus (eesti)'),('TA-23B','Tarkvaraarendus (vene)'),('TA-23C','Tarkvaraarendus (inglise)');
/*!40000 ALTER TABLE `stgroup` ENABLE KEYS */;
UNLOCK TABLES;

--
-- Table structure for table `student`
--

DROP TABLE IF EXISTS `student`;
/*!40101 SET @saved_cs_client     = @@character_set_client */;
/*!50503 SET character_set_client = utf8mb4 */;
CREATE TABLE `student` (
  `id` bigint NOT NULL,
  `firstname` varchar(256) DEFAULT NULL,
  `lastname` varchar(256) DEFAULT NULL,
  `groupcode` varchar(8) DEFAULT NULL,
  `birthdate` date DEFAULT NULL,
  PRIMARY KEY (`id`),
  KEY `groupcode` (`groupcode`),
  CONSTRAINT `student_ibfk_1` FOREIGN KEY (`groupcode`) REFERENCES `stgroup` (`code`)
) ENGINE=InnoDB DEFAULT CHARSET=utf8mb4 COLLATE=utf8mb4_0900_ai_ci;
/*!40101 SET character_set_client = @saved_cs_client */;

--
-- Dumping data for table `student`
--

LOCK TABLES `student` WRITE;
/*!40000 ALTER TABLE `student` DISABLE KEYS */;
INSERT INTO `student` VALUES (5786427576,'Viilu','Lewis','TA-23C','2747-06-23'),(6790568947,'Juuni','Harris','TA-23A','5675-09-27'),(35876959800,'Loid','Evans','TA-23A','2475-08-03'),(36789734456,'Tiina','Tool','TA-23A','3276-11-03'),(37247749865,'Gerda','Nelson','TA-23C','2783-04-08'),(45786578544,'Henry','King','TA-23C','1324-11-07'),(47684587456,'Diana','Pony','TA-23B','2000-01-05'),(49469478656,'Karl','Cook','TA-23B','3856-02-07'),(53687580766,'Liis','Miller','TA-23C','2000-11-23'),(54638459647,'Maare','Young','TA-23C','1242-12-04'),(68389438823,'Jaan','Smith','TA-23A','1367-03-07'),(68907033567,'Ulje','Rogers','TA-23B','4687-04-08'),(68968943547,'Siil','Kool','TA-23C','8435-06-09'),(74790365743,'Eve','Adams','TA-23A','2001-05-21'),(78695870366,'Alice','Kaar','TA-23C','3674-07-04'),(79034677978,'Saam','Baker','TA-23B','3847-03-06'),(84760975023,'Artel','Clark','TA-23B','5783-04-13'),(89790870956,'Joonas','Daan','TA-23B','2345-07-24'),(90658935875,'Jost','Wright','TA-23A','9738-05-07'),(97465736894,'Frank','Knight','TA-23B','1998-12-11');
/*!40000 ALTER TABLE `student` ENABLE KEYS */;
UNLOCK TABLES;

--
-- Final view structure for view `comments`
--

/*!50001 DROP VIEW IF EXISTS `comments`*/;
/*!50001 SET @saved_cs_client          = @@character_set_client */;
/*!50001 SET @saved_cs_results         = @@character_set_results */;
/*!50001 SET @saved_col_connection     = @@collation_connection */;
/*!50001 SET character_set_client      = utf8mb4 */;
/*!50001 SET character_set_results     = utf8mb4 */;
/*!50001 SET collation_connection      = utf8mb4_0900_ai_ci */;
/*!50001 CREATE ALGORITHM=UNDEFINED */
/*!50013 DEFINER=`root`@`localhost` SQL SECURITY DEFINER */
/*!50001 VIEW `comments` AS select `comment`.`studentid` AS `id`,`student`.`firstname` AS `firstname`,`student`.`lastname` AS `lastname`,`comment`.`comment` AS `comment` from (`student` join `comment` on((`student`.`id` = `comment`.`studentid`))) */;
/*!50001 SET character_set_client      = @saved_cs_client */;
/*!50001 SET character_set_results     = @saved_cs_results */;
/*!50001 SET collation_connection      = @saved_col_connection */;
/*!40103 SET TIME_ZONE=@OLD_TIME_ZONE */;

/*!40101 SET SQL_MODE=@OLD_SQL_MODE */;
/*!40014 SET FOREIGN_KEY_CHECKS=@OLD_FOREIGN_KEY_CHECKS */;
/*!40014 SET UNIQUE_CHECKS=@OLD_UNIQUE_CHECKS */;
/*!40101 SET CHARACTER_SET_CLIENT=@OLD_CHARACTER_SET_CLIENT */;
/*!40101 SET CHARACTER_SET_RESULTS=@OLD_CHARACTER_SET_RESULTS */;
/*!40101 SET COLLATION_CONNECTION=@OLD_COLLATION_CONNECTION */;
/*!40111 SET SQL_NOTES=@OLD_SQL_NOTES */;

-- Dump completed on 2024-09-12 10:01:59
